{"cameraMode":{"drawMode":0,"name":"Shaded","section":"Shading Mode"},"sceneLighting":true,"audioPlay":false,"sceneViewState":{"showFog":true,"showMaterialUpdate":false,"showSkybox":true,"showFlares":true,"showImageEffects":true,"showParticleSystems":true},"in2DMode":false,"pivot":{"x":26.519489288330079,"y":9.508235931396485,"z":-20.893367767333986},"rotation":{"x":-0.4637334644794464,"y":0.5239850282669067,"z":-0.4209696054458618,"w":-0.5772164463996887},"size":19.06912612915039,"orthographic":false}