{"cameraMode":{"drawMode":0,"name":"Shaded","section":"Shading Mode"},"sceneLighting":true,"audioPlay":false,"sceneViewState":{"showFog":true,"showMaterialUpdate":false,"showSkybox":true,"showFlares":true,"showImageEffects":true,"showParticleSystems":true},"in2DMode":false,"pivot":{"x":17.421396255493165,"y":2.6070213317871095,"z":-5.716203689575195},"rotation":{"x":0.01998268999159336,"y":0.9794732928276062,"z":-0.15737302601337434,"w":0.12437038123607636},"size":10.0,"orthographic":false}