{"cameraMode":{"drawMode":0,"name":"Shaded","section":"Shading Mode"},"sceneLighting":true,"audioPlay":false,"sceneViewState":{"showFog":true,"showMaterialUpdate":false,"showSkybox":true,"showFlares":true,"showImageEffects":true,"showParticleSystems":true},"in2DMode":false,"pivot":{"x":16.298259735107423,"y":-0.18718582391738892,"z":-26.188907623291017},"rotation":{"x":0.2152213603258133,"y":-0.15885324776172639,"z":0.035505592823028567,"w":0.9629059433937073},"size":17.377065658569337,"orthographic":true}