{"cameraMode":{"drawMode":0,"name":"Shaded","section":"Shading Mode"},"sceneLighting":true,"audioPlay":false,"sceneViewState":{"showFog":true,"showMaterialUpdate":false,"showSkybox":true,"showFlares":true,"showImageEffects":true,"showParticleSystems":true},"in2DMode":false,"pivot":{"x":277.8999938964844,"y":183.0,"z":-45.66999816894531},"rotation":{"x":0.2152213603258133,"y":-0.15885324776172639,"z":0.035505592823028567,"w":0.9629059433937073},"size":144.24630737304688,"orthographic":true}