{"cameraMode":{"drawMode":0,"name":"Shaded","section":"Shading Mode"},"sceneLighting":true,"audioPlay":false,"sceneViewState":{"showFog":true,"showMaterialUpdate":false,"showSkybox":true,"showFlares":true,"showImageEffects":true,"showParticleSystems":true},"in2DMode":false,"pivot":{"x":18.892356872558595,"y":0.0951620489358902,"z":-26.65324592590332},"rotation":{"x":0.3246031403541565,"y":-0.040302932262420657,"z":0.013853597454726696,"w":0.9449154734611511},"size":25.316667556762697,"orthographic":true}