{"cameraMode":{"drawMode":0,"name":"Shaded","section":"Shading Mode"},"sceneLighting":false,"audioPlay":false,"sceneViewState":{"showFog":true,"showMaterialUpdate":false,"showSkybox":false,"showFlares":true,"showImageEffects":true,"showParticleSystems":true},"in2DMode":false,"pivot":{"x":10.010001182556153,"y":2.1800003051757814,"z":-10.380000114440918},"rotation":{"x":0.2587708532810211,"y":-0.03217408061027527,"z":0.008624930866062642,"w":0.9653634428977966},"size":3.464101552963257,"orthographic":true}