{"cameraMode":{"drawMode":0,"name":"Shaded","section":"Shading Mode"},"sceneLighting":true,"audioPlay":false,"sceneViewState":{"showFog":true,"showMaterialUpdate":false,"showSkybox":true,"showFlares":true,"showImageEffects":true,"showParticleSystems":true},"in2DMode":false,"pivot":{"x":19.55634117126465,"y":0.7171540260314941,"z":-19.65996551513672},"rotation":{"x":-0.06688369810581207,"y":0.9024859666824341,"z":-0.3975181579589844,"w":-0.15192127227783204},"size":27.301095962524415,"orthographic":true}