{"cameraMode":{"drawMode":0,"name":"Shaded","section":"Shading Mode"},"sceneLighting":true,"audioPlay":false,"sceneViewState":{"showFog":true,"showMaterialUpdate":true,"showSkybox":true,"showFlares":true,"showImageEffects":true,"showParticleSystems":true},"in2DMode":false,"pivot":{"x":29.293193817138673,"y":30.563596725463868,"z":-25.010128021240236},"rotation":{"x":0.7007149457931519,"y":-0.0010698961559683085,"z":0.0010511328000575305,"w":0.7134433388710022},"size":33.296661376953128,"orthographic":true}