{"cameraMode":{"drawMode":0,"name":"Shaded","section":"Shading Mode"},"sceneLighting":false,"audioPlay":false,"sceneViewState":{"showFog":true,"showMaterialUpdate":false,"showSkybox":false,"showFlares":true,"showImageEffects":true,"showParticleSystems":true},"in2DMode":false,"pivot":{"x":14.479999542236329,"y":2.109999895095825,"z":-10.350000381469727},"rotation":{"x":0.3629187345504761,"y":0.006123029626905918,"z":-0.002343830419704318,"w":0.9318272471427918},"size":2.065502643585205,"orthographic":true}